Protocollo;Gruppo;DataOraIncidente;Localizzazione1;STRADA1;Localizzazione2;STRADA2;Strada02;Chilometrica;DaSpecificare;NaturaIncidente;particolaritastrade;TipoStrada;FondoStradale;Pavimentazione;Segnaletica;CondizioneAtmosferica;Traffico;Visibilita;Illuminazione;NUM_FERITI;NUM_RISERVATA;NUM_MORTI;NUM_ILLESI;Longitudine;Latitudine;Confermato;Progressivo;TipoVeicolo;StatoVeicolo;TipoPersona;Sesso;Tipolesione;Deceduto;DecedutoDopo;CinturaCascoUtilizzato;Airbag
1861934;16;12/01/2011 16:00;Strada Urbana;VIA GUIDO GUINIZELLI;all'intersezione con;VIA VINCENZO MONTI;VIA VINCENZO MONTI;;;Scontro laterale fra veicoli in marcia;Intersezione non regolata/non segnalata;Una carreggiata a senso unico di marcia;Asciutto;Asfaltata;Assente;Sereno;Normale;Buona;Ore Diurne;0;0;0;2;;;-1;2;Motociclo a solo;In marcia / fermata / arresto;Conducente;M;Illeso;0;;Non accertato;Inesistente
1861935;1;13/01/2011 17:20;Strada Urbana;VIA LUIGI PETROSELLI;all'intersezione semaforizzata con;VIA DEL FORO OLITORIO;VIA DEL FORO OLITORIO;;;Scontro frontale/laterale DX fra veicoli in marcia;Incrocio;Una carreggiata a doppio senso;Asciutto;Acciotolata;Orizzontale;Sereno;Normale;Buona;Sufficiente;1;0;0;2;;;-1;1;Autovettura privata;In marcia / fermata / arresto;Conducente;M;Illeso;0;;Non accertato;Inesistente
1861935;1;13/01/2011 17:20;Strada Urbana;VIA LUIGI PETROSELLI;all'intersezione semaforizzata con;VIA DEL FORO OLITORIO;VIA DEL FORO OLITORIO;;;Scontro frontale/laterale DX fra veicoli in marcia;Incrocio;Una carreggiata a doppio senso;Asciutto;Acciotolata;Orizzontale;Sereno;Normale;Buona;Sufficiente;1;0;0;2;;;-1;2;Motociclo con passeggero;In marcia / fermata / arresto;Conducente;M;Illeso;0;;Non accertato;Inesistente
1861935;1;13/01/2011 17:20;Strada Urbana;VIA LUIGI PETROSELLI;all'intersezione semaforizzata con;VIA DEL FORO OLITORIO;VIA DEL FORO OLITORIO;;;Scontro frontale/laterale DX fra veicoli in marcia;Incrocio;Una carreggiata a doppio senso;Asciutto;Acciotolata;Orizzontale;Sereno;Normale;Buona;Sufficiente;1;0;0;2;;;-1;2;Motociclo con passeggero;In marcia / fermata / arresto;Passeggero;F;Rifiuta cure immediate;0;NON DECEDUTO;Non accertato;Inesistente
1861938;16;13/01/2011 08:45;Strada Urbana;VIA ADOLFO GANDIGLIO;all'intersezione con;VIA LORENZO ROCCI;VIA LORENZO ROCCI;;;Scontro frontale/laterale DX fra veicoli in marcia;Incrocio;Una carreggiata a doppio senso;Asciutto;Asfaltata;Verticale ed orizzontale;Sereno;Scarso;Buona;Ore Diurne;0;0;0;2;;;-1;1;Autovettura privata;In marcia / fermata / arresto;Conducente;F;Illeso;0;;Non accertato;Inesistente
1861938;16;13/01/2011 08:45;Strada Urbana;VIA ADOLFO GANDIGLIO;all'intersezione con;VIA LORENZO ROCCI;VIA LORENZO ROCCI;;;Scontro frontale/laterale DX fra veicoli in marcia;Incrocio;Una carreggiata a doppio senso;Asciutto;Asfaltata;Verticale ed orizzontale;Sereno;Scarso;Buona;Ore Diurne;0;0;0;2;;;-1;2;Autovettura privata;In marcia / fermata / arresto;Conducente;M;Illeso;0;;Non accertato;Inesistente
1861939;19;13/01/2011 18:10;Strada Urbana;VIA PIEVE DI CADORE;all'intersezione con;VIA MARIO FANI;VIA MARIO FANI;;;Scontro laterale fra veicoli in marcia;Incrocio;Una carreggiata a senso unico di marcia;Asciutto;Asfaltata;Verticale ed orizzontale;Sereno;Normale;Buona;Sufficiente;1;0;0;1;;;-1;1;Autovettura privata;In marcia / fermata / arresto;Conducente;M;Illeso;0;;Non accertato;Inesistente
1861939;19;13/01/2011 18:10;Strada Urbana;VIA PIEVE DI CADORE;all'intersezione con;VIA MARIO FANI;VIA MARIO FANI;;;Scontro laterale fra veicoli in marcia;Incrocio;Una carreggiata a senso unico di marcia;Asciutto;Asfaltata;Verticale ed orizzontale;Sereno;Normale;Buona;Sufficiente;1;0;0;1;;;-1;2;Motociclo a solo;In marcia / fermata / arresto;Conducente;M;Rimandato;0;NON DECEDUTO;Non accertato;Inesistente
1861940;16;13/01/2011 09:45;Strada Urbana;VIA ADOLFO GANDIGLIO;da specificare;;;;in prossimità del civ. 103;Veicolo in marcia contro veicolo in sosta;Rettilineo;Una carreggiata a doppio senso;Asciutto;Asfaltata;Assente;Sereno;Scarso;Buona;Ore Diurne;0;0;0;1;;;-1;2;Autovettura privata;In marcia / fermata / arresto;Conducente;F;Illeso;0;;Non accertato;Inesistente
1861941;2;13/01/2011 10:00;Strada Urbana;CORSO TRIESTE;all'intersezione con;VIA DALMAZIA;VIA DALMAZIA;;;Scontro frontale/laterale DX fra veicoli in marcia;Incrocio;Due carreggiate;Asciutto;Asfaltata;Verticale ed orizzontale;Sereno;Normale;Buona;Ore Diurne;1;0;0;1;;;-1;1;Autovettura privata;In marcia / fermata / arresto;Conducente;F;Illeso;0;;Non accertato;Inesistente
1861941;2;13/01/2011 10:00;Strada Urbana;CORSO TRIESTE;all'intersezione con;VIA DALMAZIA;VIA DALMAZIA;;;Scontro frontale/laterale DX fra veicoli in marcia;Incrocio;Due carreggiate;Asciutto;Asfaltata;Verticale ed orizzontale;Sereno;Normale;Buona;Ore Diurne;1;0;0;1;;;-1;2;Motociclo a solo;In marcia / fermata / arresto;Conducente;F;Rimandato;0;NON DECEDUTO;Non accertato;Inesistente
1861944;19;13/01/2011 18:20;Strada Urbana;VIA TRIONFALE;in prossimità;;del civico n. ;8167;;Scontro laterale fra veicoli in marcia;Rettilineo;Una carreggiata a senso unico di marcia;Asciutto;Asfaltata;Orizzontale;Sereno;Intenso;Buona;Sufficiente;0;0;0;3;;;-1;1;Autovettura privata;In marcia / fermata / arresto;Conducente;F;Illeso;0;;Non accertato;Inesistente
1861944;19;13/01/2011 18:20;Strada Urbana;VIA TRIONFALE;in prossimità;;del civico n. ;8167;;Scontro laterale fra veicoli in marcia;Rettilineo;Una carreggiata a senso unico di marcia;Asciutto;Asfaltata;Orizzontale;Sereno;Intenso;Buona;Sufficiente;0;0;0;3;;;-1;1;Autovettura privata;In marcia / fermata / arresto;Passeggero;M;Illeso;0;;Non accertato;Inesistente
1861944;19;13/01/2011 18:20;Strada Urbana;VIA TRIONFALE;in prossimità;;del civico n. ;8167;;Scontro laterale fra veicoli in marcia;Rettilineo;Una carreggiata a senso unico di marcia;Asciutto;Asfaltata;Orizzontale;Sereno;Intenso;Buona;Sufficiente;0;0;0;3;;;-1;2;Autovettura privata;In marcia / fermata / arresto;Conducente;M;Illeso;0;;Non accertato;Inesistente
1861945;16;13/01/2011 11:30;Strada Urbana;VIALE DELLE MURA GIANICOLENSI;da specificare;;;;in prox. via l. mercantini;Scontro frontale/laterale DX fra veicoli in marcia;Curva a visuale libera;Una carreggiata a senso unico di marcia;Asciutto;Asfaltata;Assente;Sereno;Normale;Buona;Ore Diurne;0;0;0;4;;;-1;1;Autovettura privata;In marcia / fermata / arresto;Conducente;F;Illeso;0;;Non accertato;Inesistente
1861945;16;13/01/2011 11:30;Strada Urbana;VIALE DELLE MURA GIANICOLENSI;da specificare;;;;in prox. via l. mercantini;Scontro frontale/laterale DX fra veicoli in marcia;Curva a visuale libera;Una carreggiata a senso unico di marcia;Asciutto;Asfaltata;Assente;Sereno;Normale;Buona;Ore Diurne;0;0;0;4;;;-1;2;Autovettura privata;In marcia / fermata / arresto;Conducente;F;Illeso;0;;Non accertato;Inesistente
1861945;16;13/01/2011 11:30;Strada Urbana;VIALE DELLE MURA GIANICOLENSI;da specificare;;;;in prox. via l. mercantini;Scontro frontale/laterale DX fra veicoli in marcia;Curva a visuale libera;Una carreggiata a senso unico di marcia;Asciutto;Asfaltata;Assente;Sereno;Normale;Buona;Ore Diurne;0;0;0;4;;;-1;2;Autovettura privata;In marcia / fermata / arresto;Passeggero;F;Illeso;0;;Non accertato;Inesistente
1861945;16;13/01/2011 11:30;Strada Urbana;VIALE DELLE MURA GIANICOLENSI;da specificare;;;;in prox. via l. mercantini;Scontro frontale/laterale DX fra veicoli in marcia;Curva a visuale libera;Una carreggiata a senso unico di marcia;Asciutto;Asfaltata;Assente;Sereno;Normale;Buona;Ore Diurne;0;0;0;4;;;-1;2;Autovettura privata;In marcia / fermata / arresto;Passeggero;M;Illeso;0;;Non accertato;Inesistente
1861946;15;14/01/2011 12:05;Strada Urbana;VIALE ISACCO NEWTON;da specificare;;;;alt.rampa usc. Via dell'Imbrecciato dir.Portuense;Tamponamento;Rettilineo;Una carreggiata a doppio senso;Asciutto;Asfaltata;Orizzontale;Sereno;Normale;Buona;Ore Diurne;0;0;1;1;;;-1;1;Autovettura privata;In marcia / fermata / arresto;Conducente;M;Illeso;0;;Utilizzato;Inesistente
1861946;15;14/01/2011 12:05;Strada Urbana;VIALE ISACCO NEWTON;da specificare;;;;alt.rampa usc. Via dell'Imbrecciato dir.Portuense;Tamponamento;Rettilineo;Una carreggiata a doppio senso;Asciutto;Asfaltata;Orizzontale;Sereno;Normale;Buona;Ore Diurne;0;0;1;1;;;-1;2;Motociclo a solo;In marcia / fermata / arresto;Conducente;M;Deceduto sul posto;-1;;Utilizzato;Inesistente
1861947;12;12/01/2011 07:50;Strada Urbana;VIALE DELL'OCEANO PACIFICO;all'intersezione con;VIA AUSTRALIA;VIA AUSTRALIA;;;Scontro frontale/laterale DX fra veicoli in marcia;Incrocio;Una carreggiata a doppio senso;Asciutto;Asfaltata;Verticale ed orizzontale;Sereno;Normale;Buona;Ore Diurne;0;0;0;4;;;-1;1;Autovettura privata;In marcia / fermata / arresto;Conducente;M;Illeso;0;;Utilizzato;Inesploso
1861947;12;12/01/2011 07:50;Strada Urbana;VIALE DELL'OCEANO PACIFICO;all'intersezione con;VIA AUSTRALIA;VIA AUSTRALIA;;;Scontro frontale/laterale DX fra veicoli in marcia;Incrocio;Una carreggiata a doppio senso;Asciutto;Asfaltata;Verticale ed orizzontale;Sereno;Normale;Buona;Ore Diurne;0;0;0;4;;;-1;1;Autovettura privata;In marcia / fermata / arresto;Passeggero;F;Illeso;0;;Utilizzato;Inesploso
1861947;12;12/01/2011 07:50;Strada Urbana;VIALE DELL'OCEANO PACIFICO;all'intersezione con;VIA AUSTRALIA;VIA AUSTRALIA;;;Scontro frontale/laterale DX fra veicoli in marcia;Incrocio;Una carreggiata a doppio senso;Asciutto;Asfaltata;Verticale ed orizzontale;Sereno;Normale;Buona;Ore Diurne;0;0;0;4;;;-1;1;Autovettura privata;In marcia / fermata / arresto;Passeggero;M;Illeso;0;;Utilizzato;Inesploso
1861947;12;12/01/2011 07:50;Strada Urbana;VIALE DELL'OCEANO PACIFICO;all'intersezione con;VIA AUSTRALIA;VIA AUSTRALIA;;;Scontro frontale/laterale DX fra veicoli in marcia;Incrocio;Una carreggiata a doppio senso;Asciutto;Asfaltata;Verticale ed orizzontale;Sereno;Normale;Buona;Ore Diurne;0;0;0;4;;;-1;2;Ciclomotore;In marcia / fermata / arresto;Conducente;M;Illeso;0;;Utilizzato;Inesistente
1861949;8;14/01/2011 11:30;Strada Urbana;VIA DEL TORRACCIO DI TORRENOVA;da specificare;;;;interno parcheggio LIDL;Scontro frontale/laterale SX fra veicoli in marcia;Rettilineo;Una carreggiata a doppio senso;Asciutto;Lastricata;Assente;Sereno;Scarso;Buona;Ore Diurne;0;0;0;1;;;-1;1;Autovettura privata;In marcia / fermata / arresto;Conducente;M;Illeso;0;;Non accertato;Inesistente
1861951;12;14/01/2011 07:50;Strada Urbana;PIAZZALE VENTICINQUE MARZO 1957;all'intersezione semaforizzata con;VIALE DELL'OCEANO PACIFICO;VIALE DELL'OCEANO PACIFICO;;;Veicolo in marcia contro ostacolo fisso;Incrocio;Due carreggiate;Asciutto;Asfaltata;Verticale ed orizzontale;Sereno;Normale;Buona;Ore Diurne;2;1;0;0;;;-1;;;;Pedone;M;Rimandato;0;NON DECEDUTO;;
1861951;12;14/01/2011 07:50;Strada Urbana;PIAZZALE VENTICINQUE MARZO 1957;all'intersezione semaforizzata con;VIALE DELL'OCEANO PACIFICO;VIALE DELL'OCEANO PACIFICO;;;Veicolo in marcia contro ostacolo fisso;Incrocio;Due carreggiate;Asciutto;Asfaltata;Verticale ed orizzontale;Sereno;Normale;Buona;Ore Diurne;2;1;0;0;;;-1;1;Autovettura privata;In marcia / fermata / arresto;Conducente;M;Prognosi riservata;0;NON DECEDUTO;Non accertato;Inesistente
1861951;12;14/01/2011 07:50;Strada Urbana;PIAZZALE VENTICINQUE MARZO 1957;all'intersezione semaforizzata con;VIALE DELL'OCEANO PACIFICO;VIALE DELL'OCEANO PACIFICO;;;Veicolo in marcia contro ostacolo fisso;Incrocio;Due carreggiate;Asciutto;Asfaltata;Verticale ed orizzontale;Sereno;Normale;Buona;Ore Diurne;2;1;0;0;;;-1;1;Autovettura privata;In marcia / fermata / arresto;Passeggero;M;Rimandato;0;NON DECEDUTO;Non accertato;Inesistente
1861953;6;14/01/2011 12:00;Strada Urbana;VIA PRENESTINA;all'intersezione con;VIA OLEVANO ROMANO;VIA OLEVANO ROMANO;;;Scontro laterale fra veicoli in marcia;Intersezione semaforizzata;Più di due carreggiate;Asciutto;Asfaltata;Verticale ed orizzontale;Sereno;Normale;Buona;Ore Diurne;0;0;0;3;;;-1;1;Autocarro superiore 35 q.;In marcia / fermata / arresto;Conducente;M;Illeso;0;;Non accertato;Inesistente
1861953;6;14/01/2011 12:00;Strada Urbana;VIA PRENESTINA;all'intersezione con;VIA OLEVANO ROMANO;VIA OLEVANO ROMANO;;;Scontro laterale fra veicoli in marcia;Intersezione semaforizzata;Più di due carreggiate;Asciutto;Asfaltata;Verticale ed orizzontale;Sereno;Normale;Buona;Ore Diurne;0;0;0;3;;;-1;2;Autovettura privata;In marcia / fermata / arresto;Conducente;M;Illeso;0;;Non accertato;Inesistente
1861953;6;14/01/2011 12:00;Strada Urbana;VIA PRENESTINA;all'intersezione con;VIA OLEVANO ROMANO;VIA OLEVANO ROMANO;;;Scontro laterale fra veicoli in marcia;Intersezione semaforizzata;Più di due carreggiate;Asciutto;Asfaltata;Verticale ed orizzontale;Sereno;Normale;Buona;Ore Diurne;0;0;0;3;;;-1;2;Autovettura privata;In marcia / fermata / arresto;Passeggero;M;Illeso;0;;Non accertato;Inesistente
1861954;2;13/01/2011 09:05;Strada Urbana;VIA DOMENICO CHELINI;all'intersezione con;PIAZZA EUCLIDE;PIAZZA EUCLIDE;;;Investimento di pedone;Intersezione non regolata/non segnalata;Una carreggiata a doppio senso;Asciutto;Asfaltata;Verticale ed orizzontale;Sereno;Normale;Buona;Ore Diurne;0;0;0;2;;;-1;;;;Pedone;M;Illeso;0;;;
1861954;2;13/01/2011 09:05;Strada Urbana;VIA DOMENICO CHELINI;all'intersezione con;PIAZZA EUCLIDE;PIAZZA EUCLIDE;;;Investimento di pedone;Intersezione non regolata/non segnalata;Una carreggiata a doppio senso;Asciutto;Asfaltata;Verticale ed orizzontale;Sereno;Normale;Buona;Ore Diurne;0;0;0;2;;;-1;1;Motociclo a solo;In marcia / fermata / arresto;Conducente;F;Illeso;0;;Non accertato;Inesistente
1861955;2;13/01/2011 11:55;Strada Urbana;VIA CERESIO;all'intersezione con;VIA ANAPO;VIA ANAPO;;;Scontro frontale/laterale DX fra veicoli in marcia;Incrocio;Una carreggiata a senso unico di marcia;Asciutto;Asfaltata;Verticale ed orizzontale;Sereno;Normale;Buona;Ore Diurne;0;0;0;2;;;-1;1;Autovettura privata;In marcia / fermata / arresto;Conducente;F;Illeso;0;;Non accertato;Inesistente
1861955;2;13/01/2011 11:55;Strada Urbana;VIA CERESIO;all'intersezione con;VIA ANAPO;VIA ANAPO;;;Scontro frontale/laterale DX fra veicoli in marcia;Incrocio;Una carreggiata a senso unico di marcia;Asciutto;Asfaltata;Verticale ed orizzontale;Sereno;Normale;Buona;Ore Diurne;0;0;0;2;;;-1;2;Autovettura privata;In marcia / fermata / arresto;Conducente;F;Illeso;0;;Non accertato;Inesistente
1861958;2;13/01/2011 09:15;Strada Urbana;VIALE DEL FORO ITALICO;da specificare;;;;uscita Campi Sportivi pros. civ. 100;Veicolo in marcia contro ostacolo fisso;Curva a visuale libera;Una carreggiata a senso unico di marcia;Bagnato (umidità in atto);Asfaltata;Verticale ed orizzontale;Sereno;Normale;Buona;Ore Diurne;0;0;0;1;;;-1;1;Motociclo a solo;In marcia / fermata / arresto;Conducente;M;Illeso;0;;Non accertato;Inesistente
1861959;2;13/01/2011 22:00;Strada Urbana;VIA ALESSANDRIA;all'intersezione con;VIA REGGIO EMILIA;VIA REGGIO EMILIA;;;Scontro frontale/laterale DX fra veicoli in marcia;Incrocio;Due carreggiate;Asciutto;Asfaltata;Verticale ed orizzontale;Sereno;Scarso;Insufficiente;Sufficiente;1;0;0;3;;;-1;1;Autovettura privata;In marcia / fermata / arresto;Conducente;F;Illeso;0;;Non accertato;Inesistente
1861959;2;13/01/2011 22:00;Strada Urbana;VIA ALESSANDRIA;all'intersezione con;VIA REGGIO EMILIA;VIA REGGIO EMILIA;;;Scontro frontale/laterale DX fra veicoli in marcia;Incrocio;Due carreggiate;Asciutto;Asfaltata;Verticale ed orizzontale;Sereno;Scarso;Insufficiente;Sufficiente;1;0;0;3;;;-1;1;Autovettura privata;In marcia / fermata / arresto;Passeggero;F;Illeso;0;;Non accertato;Inesistente
1861959;2;13/01/2011 22:00;Strada Urbana;VIA ALESSANDRIA;all'intersezione con;VIA REGGIO EMILIA;VIA REGGIO EMILIA;;;Scontro frontale/laterale DX fra veicoli in marcia;Incrocio;Due carreggiate;Asciutto;Asfaltata;Verticale ed orizzontale;Sereno;Scarso;Insufficiente;Sufficiente;1;0;0;3;;;-1;1;Autovettura privata;In marcia / fermata / arresto;Passeggero;F;Illeso;0;;Non accertato;Inesistente
1861959;2;13/01/2011 22:00;Strada Urbana;VIA ALESSANDRIA;all'intersezione con;VIA REGGIO EMILIA;VIA REGGIO EMILIA;;;Scontro frontale/laterale DX fra veicoli in marcia;Incrocio;Due carreggiate;Asciutto;Asfaltata;Verticale ed orizzontale;Sereno;Scarso;Insufficiente;Sufficiente;1;0;0;3;;;-1;2;Motociclo a solo;In marcia / fermata / arresto;Conducente;M;Rimandato;0;NON DECEDUTO;Non accertato;Inesistente
1861960;12;13/01/2011 10:45;Provinciale entro l'abitato;VIA LAURENTINA;da specificare;;;;prox Vigna Murata direz centro;Infortunio per caduta del veicolo;Rettilineo;Due carreggiate;Asciutto;Asfaltata;Verticale ed orizzontale;Sereno;Normale;Buona;Ore Diurne;1;0;0;0;;;-1;1;Motociclo a solo;In marcia / fermata / arresto;Conducente;M;Rimandato;0;NON DECEDUTO;Utilizzato;Inesistente
1861961;19;12/01/2011 07:30;Strada Urbana;VIA IPOGEO DEGLI OTTAVI;all'intersezione semaforizzata con;VIA DELLE CANOSSIANE;VIA DELLE CANOSSIANE;;;Scontro frontale fra veicoli in marcia;Intersezione semaforizzata;Una carreggiata a doppio senso;Asciutto;Asfaltata;Verticale ed orizzontale;Sereno;Intenso;Buona;Ore Diurne;0;0;0;1;;;-1;1;Autovettura privata;In marcia / fermata / arresto;Conducente;M;Illeso;0;;Non accertato;Inesploso
1861962;16;13/01/2011 10:15;Strada Urbana;VIA DEL CASALE LUMBROSO;in corrispondenza;;del civico n. ;66;;Infortunio per caduta del veicolo;Rettilineo;Una carreggiata a doppio senso;Asciutto;Asfaltata;Verticale;Sereno;Normale;Buona;Ore Diurne;1;0;0;0;;;-1;1;Motociclo a solo;In marcia / fermata / arresto;Conducente;M;Ricoverato;0;NON DECEDUTO;Non accertato;Inesistente
1861969;12;12/01/2011 08:05;Strada Urbana;VIALE DELL'OCEANO PACIFICO;in prossimità;;del civico n. ;4;;Scontro laterale fra veicoli in marcia;Rettilineo;Una carreggiata a doppio senso;Asciutto;Asfaltata;Verticale ed orizzontale;Sereno;Normale;Buona;Ore Diurne;0;0;0;3;;;-1;1;Autovettura privata;In marcia / fermata / arresto;Conducente;F;Illeso;0;;Utilizzato;Inesploso
1861969;12;12/01/2011 08:05;Strada Urbana;VIALE DELL'OCEANO PACIFICO;in prossimità;;del civico n. ;4;;Scontro laterale fra veicoli in marcia;Rettilineo;Una carreggiata a doppio senso;Asciutto;Asfaltata;Verticale ed orizzontale;Sereno;Normale;Buona;Ore Diurne;0;0;0;3;;;-1;2;Autocarro inferiore 35 q.;In marcia / fermata / arresto;Conducente;M;Illeso;0;;Utilizzato;Inesploso
1861969;12;12/01/2011 08:05;Strada Urbana;VIALE DELL'OCEANO PACIFICO;in prossimità;;del civico n. ;4;;Scontro laterale fra veicoli in marcia;Rettilineo;Una carreggiata a doppio senso;Asciutto;Asfaltata;Verticale ed orizzontale;Sereno;Normale;Buona;Ore Diurne;0;0;0;3;;;-1;2;Autocarro inferiore 35 q.;In marcia / fermata / arresto;Passeggero;M;Illeso;0;;Utilizzato;Inesistente
1861970;12;12/01/2011 10:45;Strada Urbana;VIALE PASTEUR;in prossimità;;del civico n. ;8;;Scontro laterale fra veicoli in marcia;Rettilineo;Due carreggiate;Asciutto;Asfaltata;Orizzontale;Sereno;Normale;Buona;Ore Diurne;0;0;0;3;;;-1;1;Autovettura privata;In marcia / fermata / arresto;Conducente;F;Illeso;0;;Utilizzato;Inesistente
1861970;12;12/01/2011 10:45;Strada Urbana;VIALE PASTEUR;in prossimità;;del civico n. ;8;;Scontro laterale fra veicoli in marcia;Rettilineo;Due carreggiate;Asciutto;Asfaltata;Orizzontale;Sereno;Normale;Buona;Ore Diurne;0;0;0;3;;;-1;1;Autovettura privata;In marcia / fermata / arresto;Passeggero;F;Illeso;0;;Non accertato;Inesistente
1861970;12;12/01/2011 10:45;Strada Urbana;VIALE PASTEUR;in prossimità;;del civico n. ;8;;Scontro laterale fra veicoli in marcia;Rettilineo;Due carreggiate;Asciutto;Asfaltata;Orizzontale;Sereno;Normale;Buona;Ore Diurne;0;0;0;3;;;-1;2;Autovettura privata;In marcia / fermata / arresto;Conducente;M;Illeso;0;;Utilizzato;Inesistente
1861971;12;13/01/2011 14:20;Provinciale;VIA ARDEATINA;all'intersezione con;VIA DELLA STAZIONE DI PAVONA;VIA DELLA STAZIONE DI PAVONA;;;Scontro frontale fra veicoli in marcia;Incrocio;Una carreggiata a doppio senso;Asciutto;Asfaltata;Verticale ed orizzontale;Sereno;Normale;Buona;Ore Diurne;1;0;0;1;;;-1;1;Autovettura privata;In marcia / fermata / arresto;Conducente;F;Rimandato;0;NON DECEDUTO;Utilizzato;Inesploso
1861971;12;13/01/2011 14:20;Provinciale;VIA ARDEATINA;all'intersezione con;VIA DELLA STAZIONE DI PAVONA;VIA DELLA STAZIONE DI PAVONA;;;Scontro frontale fra veicoli in marcia;Incrocio;Una carreggiata a doppio senso;Asciutto;Asfaltata;Verticale ed orizzontale;Sereno;Normale;Buona;Ore Diurne;1;0;0;1;;;-1;2;Autovettura privata;In marcia / fermata / arresto;Conducente;M;Illeso;0;;Utilizzato;Inesploso
1861977;7;14/01/2011 13:05;Strada Urbana;VIA DI TOR CERVARA;in prossimità;;del civico n. ;289;;Scontro frontale/laterale SX fra veicoli in marcia;Rettilineo;Una carreggiata a doppio senso;Asciutto;Asfaltata;Orizzontale;Sereno;Normale;Buona;Ore Diurne;1;0;0;1;;;-1;1;Autovettura privata;In marcia / fermata / arresto;Conducente;M;Illeso;0;;Non accertato;Inesistente
1861977;7;14/01/2011 13:05;Strada Urbana;VIA DI TOR CERVARA;in prossimità;;del civico n. ;289;;Scontro frontale/laterale SX fra veicoli in marcia;Rettilineo;Una carreggiata a doppio senso;Asciutto;Asfaltata;Orizzontale;Sereno;Normale;Buona;Ore Diurne;1;0;0;1;;;-1;2;Motociclo a solo;In marcia / fermata / arresto;Conducente;M;Ricoverato;0;NON DECEDUTO;Non accertato;Inesistente
1861979;7;14/01/2011 15:00;Strada Urbana;VIALE PALMIRO TOGLIATTI;da specificare;;;;SEMAFORO PEDONALE PALO LUCE n. 126;Tamponamento;Rettilineo;Una carreggiata a senso unico di marcia;Asciutto;Asfaltata;Orizzontale;Sereno;Intenso;Buona;Ore Diurne;1;0;0;1;;;-1;1;Autovettura privata;In marcia / fermata / arresto;Conducente;M;Illeso;0;;Non accertato;Inesistente
1861979;7;14/01/2011 15:00;Strada Urbana;VIALE PALMIRO TOGLIATTI;da specificare;;;;SEMAFORO PEDONALE PALO LUCE n. 126;Tamponamento;Rettilineo;Una carreggiata a senso unico di marcia;Asciutto;Asfaltata;Orizzontale;Sereno;Intenso;Buona;Ore Diurne;1;0;0;1;;;-1;2;Motociclo a solo;In marcia / fermata / arresto;Conducente;M;Rimandato;0;NON DECEDUTO;Non accertato;Inesistente
1861983;6;14/01/2011 13:45;Strada Urbana;VIA ETTORE FIERAMOSCA;in prossimità;;del civico n. ;60;;Scontro laterale fra veicoli in marcia;Rettilineo;Una carreggiata a doppio senso;Asciutto;Asfaltata;Assente;Sereno;Normale;Buona;Ore Diurne;0;0;0;2;;;-1;1;Autovettura privata;In marcia / fermata / arresto;Conducente;F;Illeso;0;;Non accertato;Inesploso
1861983;6;14/01/2011 13:45;Strada Urbana;VIA ETTORE FIERAMOSCA;in prossimità;;del civico n. ;60;;Scontro laterale fra veicoli in marcia;Rettilineo;Una carreggiata a doppio senso;Asciutto;Asfaltata;Assente;Sereno;Normale;Buona;Ore Diurne;0;0;0;2;;;-1;2;Autovettura privata;In marcia / fermata / arresto;Conducente;M;Illeso;0;;Non accertato;Inesploso
1861984;6;14/01/2011 13:30;Strada Urbana;VIA PISINO;in prossimità;;del civico n. ;155;;Scontro laterale fra veicoli in marcia;Rettilineo;Una carreggiata a senso unico di marcia;Asciutto;Asfaltata;Verticale ed orizzontale;Sereno;Normale;Buona;Ore Diurne;0;0;0;3;;;-1;1;Autovettura privata;In marcia / fermata / arresto;Conducente;F;Illeso;0;;Non accertato;Inesploso
1861984;6;14/01/2011 13:30;Strada Urbana;VIA PISINO;in prossimità;;del civico n. ;155;;Scontro laterale fra veicoli in marcia;Rettilineo;Una carreggiata a senso unico di marcia;Asciutto;Asfaltata;Verticale ed orizzontale;Sereno;Normale;Buona;Ore Diurne;0;0;0;3;;;-1;1;Autovettura privata;In marcia / fermata / arresto;Passeggero;F;Illeso;0;;Non accertato;Inesploso
1861984;6;14/01/2011 13:30;Strada Urbana;VIA PISINO;in prossimità;;del civico n. ;155;;Scontro laterale fra veicoli in marcia;Rettilineo;Una carreggiata a senso unico di marcia;Asciutto;Asfaltata;Verticale ed orizzontale;Sereno;Normale;Buona;Ore Diurne;0;0;0;3;;;-1;2;Autovettura privata;In marcia / fermata / arresto;Conducente;F;Illeso;0;;Non accertato;Inesploso
1861985;6;14/01/2011 17:35;Strada Urbana;VIA DI ACQUA BULLICANTE;in prossimità;;del civico n. ;249;;Investimento di pedone;Rettilineo;Una carreggiata a doppio senso;Asciutto;Asfaltata;Orizzontale;Sereno;Normale;Buona;Ore Diurne;1;0;0;1;;;-1;;;;Pedone;F;Rimandato;0;NON DECEDUTO;;
1861985;6;14/01/2011 17:35;Strada Urbana;VIA DI ACQUA BULLICANTE;in prossimità;;del civico n. ;249;;Investimento di pedone;Rettilineo;Una carreggiata a doppio senso;Asciutto;Asfaltata;Orizzontale;Sereno;Normale;Buona;Ore Diurne;1;0;0;1;;;-1;1;Autovettura privata;In marcia / fermata / arresto;Conducente;M;Illeso;0;;Non accertato;Inesploso
1861987;9;14/01/2011 09:15;Strada Urbana;VIA DI S. MARIA AUSILIATRICE;in corrispondenza;;del civico n. ;106;;Investimento di pedone;Rettilineo;Una carreggiata a doppio senso;Asciutto;Asfaltata;Verticale ed orizzontale;Sereno;Normale;Buona;Ore Diurne;1;0;0;2;;;-1;;;;Pedone;F;Rimandato;0;NON DECEDUTO;;