Protocollo;Gruppo;DataOraIncidente;Localizzazione1;STRADA1;Localizzazione2;STRADA2;Strada02;Chilometrica;DaSpecificare;NaturaIncidente;particolaritastrade;TipoStrada;FondoStradale;Pavimentazione;Segnaletica;CondizioneAtmosferica;Traffico;Visibilita;Illuminazione;NUM_FERITI;NUM_RISERVATA;NUM_MORTI;NUM_ILLESI;Longitudine;Latitudine;Confermato;Progressivo;TipoVeicolo;StatoVeicolo;TipoPersona;Sesso;Tipolesione;Deceduto;DecedutoDopo;CinturaCascoUtilizzato;Airbag
1862074;2;14/01/2011 17:30;Strada Urbana;VIALE XVII OLIMPIADE;all'intersezione con;VIA AUSTRIA;VIA AUSTRIA;;;Scontro laterale fra veicoli in marcia;Intersezione stradale segnalata;Una carreggiata a senso unico di marcia;Asciutto;Asfaltata;Verticale ed orizzontale;Sereno;Scarso;Sufficiente;Ore Diurne;3;0;0;0;;;-1;2;Autovettura privata;In marcia / fermata / arresto;Passeggero;F;Ricoverato;0;NON DECEDUTO;Non accertato;Esploso
1862075;2;15/01/2011 20:55;Strada Urbana;VIA SALARIA;all'intersezione semaforizzata con;PIAZZA FIUME;PIAZZA FIUME;;;Scontro frontale/laterale DX fra veicoli in marcia;Incrocio;Una carreggiata a senso unico di marcia;Asciutto;Asfaltata;Verticale ed orizzontale;Sereno;Normale;Buona;Sufficiente;0;0;0;5;;;-1;1;Autovettura privata;In marcia / fermata / arresto;Conducente;M;Illeso;0;;Non accertato;Inesploso
1862075;2;15/01/2011 20:55;Strada Urbana;VIA SALARIA;all'intersezione semaforizzata con;PIAZZA FIUME;PIAZZA FIUME;;;Scontro frontale/laterale DX fra veicoli in marcia;Incrocio;Una carreggiata a senso unico di marcia;Asciutto;Asfaltata;Verticale ed orizzontale;Sereno;Normale;Buona;Sufficiente;0;0;0;5;;;-1;1;Autovettura privata;In marcia / fermata / arresto;Passeggero;;Illeso;0;;Non accertato;Inesploso
1862075;2;15/01/2011 20:55;Strada Urbana;VIA SALARIA;all'intersezione semaforizzata con;PIAZZA FIUME;PIAZZA FIUME;;;Scontro frontale/laterale DX fra veicoli in marcia;Incrocio;Una carreggiata a senso unico di marcia;Asciutto;Asfaltata;Verticale ed orizzontale;Sereno;Normale;Buona;Sufficiente;0;0;0;5;;;-1;1;Autovettura privata;In marcia / fermata / arresto;Passeggero;F;Illeso;0;;Non accertato;Inesistente
1862075;2;15/01/2011 20:55;Strada Urbana;VIA SALARIA;all'intersezione semaforizzata con;PIAZZA FIUME;PIAZZA FIUME;;;Scontro frontale/laterale DX fra veicoli in marcia;Incrocio;Una carreggiata a senso unico di marcia;Asciutto;Asfaltata;Verticale ed orizzontale;Sereno;Normale;Buona;Sufficiente;0;0;0;5;;;-1;2;Autovettura privata;In marcia / fermata / arresto;Conducente;F;Illeso;0;;Non accertato;Inesistente
1862075;2;15/01/2011 20:55;Strada Urbana;VIA SALARIA;all'intersezione semaforizzata con;PIAZZA FIUME;PIAZZA FIUME;;;Scontro frontale/laterale DX fra veicoli in marcia;Incrocio;Una carreggiata a senso unico di marcia;Asciutto;Asfaltata;Verticale ed orizzontale;Sereno;Normale;Buona;Sufficiente;0;0;0;5;;;-1;2;Autovettura privata;In marcia / fermata / arresto;Passeggero;M;Illeso;0;;Non accertato;Inesistente
1862076;2;15/01/2011 18:25;Strada Urbana;VIA SALARIA;in corrispondenza;;del civico n. ;288;;Tamponamento;Rettilineo;Una carreggiata a doppio senso;Asciutto;Asfaltata;Verticale ed orizzontale;Sereno;Normale;Buona;Sufficiente;1;0;0;1;;;-1;1;Autovettura privata;In marcia / fermata / arresto;Conducente;F;Illeso;0;;Non accertato;Inesistente
1862076;2;15/01/2011 18:25;Strada Urbana;VIA SALARIA;in corrispondenza;;del civico n. ;288;;Tamponamento;Rettilineo;Una carreggiata a doppio senso;Asciutto;Asfaltata;Verticale ed orizzontale;Sereno;Normale;Buona;Sufficiente;1;0;0;1;;;-1;2;Autovettura privata;In marcia / fermata / arresto;Conducente;F;Rifiuta cure immediate;0;NON DECEDUTO;Non accertato;
1862077;2;15/01/2011 14:15;Strada Urbana;VIALE DEL FORO ITALICO;all'intersezione con;VIALE DELLA MOSCHEA;VIALE DELLA MOSCHEA;;;Tamponamento Multiplo;Incrocio;Due carreggiate;Asciutto;Asfaltata;Verticale ed orizzontale;Sereno;Intenso;Buona;Ore Diurne;2;0;0;2;;;-1;1;Autovettura privata;In marcia / fermata / arresto;Conducente;M;Illeso;0;;Non accertato;Inesistente
1862077;2;15/01/2011 14:15;Strada Urbana;VIALE DEL FORO ITALICO;all'intersezione con;VIALE DELLA MOSCHEA;VIALE DELLA MOSCHEA;;;Tamponamento Multiplo;Incrocio;Due carreggiate;Asciutto;Asfaltata;Verticale ed orizzontale;Sereno;Intenso;Buona;Ore Diurne;2;0;0;2;;;-1;2;Autovettura privata;In marcia / fermata / arresto;Conducente;M;Illeso;0;;Non accertato;Inesistente
1862077;2;15/01/2011 14:15;Strada Urbana;VIALE DEL FORO ITALICO;all'intersezione con;VIALE DELLA MOSCHEA;VIALE DELLA MOSCHEA;;;Tamponamento Multiplo;Incrocio;Due carreggiate;Asciutto;Asfaltata;Verticale ed orizzontale;Sereno;Intenso;Buona;Ore Diurne;2;0;0;2;;;-1;3;Autovettura privata;In marcia / fermata / arresto;Conducente;M;Rimandato;0;NON DECEDUTO;Non accertato;Inesistente
1862077;2;15/01/2011 14:15;Strada Urbana;VIALE DEL FORO ITALICO;all'intersezione con;VIALE DELLA MOSCHEA;VIALE DELLA MOSCHEA;;;Tamponamento Multiplo;Incrocio;Due carreggiate;Asciutto;Asfaltata;Verticale ed orizzontale;Sereno;Intenso;Buona;Ore Diurne;2;0;0;2;;;-1;3;Autovettura privata;In marcia / fermata / arresto;Passeggero;F;Rimandato;0;NON DECEDUTO;Non accertato;Inesistente
1862078;15;15/01/2011 06:00;Strada Urbana;VIA ANTONIO PACINOTTI;in corrispondenza;;del civico n. ;8;;Veicolo in marcia contro veicolo in sosta;Rettilineo;Una carreggiata a doppio senso;Asciutto;Asfaltata;Verticale ed orizzontale;Sereno;Scarso;Sufficiente;Sufficiente;0;0;0;1;;;-1;1;Autovettura privata;In marcia / fermata / arresto;Conducente;M;Illeso;0;;Non accertato;Inesploso
1862079;2;15/01/2011 18:00;Strada Urbana;VIALE DEL MURO TORTO;in prossimità;;del civico n. ;49;;Scontro laterale fra veicoli in marcia;Curva a visuale libera;Due carreggiate;Asciutto;Asfaltata;Orizzontale;Sereno;Normale;Buona;Sufficiente;0;0;0;5;;;-1;1;Autovettura privata;In marcia / fermata / arresto;Conducente;M;Illeso;0;;Non accertato;Inesistente
1862079;2;15/01/2011 18:00;Strada Urbana;VIALE DEL MURO TORTO;in prossimità;;del civico n. ;49;;Scontro laterale fra veicoli in marcia;Curva a visuale libera;Due carreggiate;Asciutto;Asfaltata;Orizzontale;Sereno;Normale;Buona;Sufficiente;0;0;0;5;;;-1;1;Autovettura privata;In marcia / fermata / arresto;Passeggero;F;Illeso;0;;Non accertato;Inesistente
1862079;2;15/01/2011 18:00;Strada Urbana;VIALE DEL MURO TORTO;in prossimità;;del civico n. ;49;;Scontro laterale fra veicoli in marcia;Curva a visuale libera;Due carreggiate;Asciutto;Asfaltata;Orizzontale;Sereno;Normale;Buona;Sufficiente;0;0;0;5;;;-1;2;Motociclo a solo;In marcia / fermata / arresto;Conducente;M;Illeso;0;;Non accertato;Inesistente
1862079;2;15/01/2011 18:00;Strada Urbana;VIALE DEL MURO TORTO;in prossimità;;del civico n. ;49;;Scontro laterale fra veicoli in marcia;Curva a visuale libera;Due carreggiate;Asciutto;Asfaltata;Orizzontale;Sereno;Normale;Buona;Sufficiente;0;0;0;5;;;-1;3;Motociclo a solo;In marcia / fermata / arresto;Passeggero;F;Illeso;0;;Non accertato;Inesistente
1862079;2;15/01/2011 18:00;Strada Urbana;VIALE DEL MURO TORTO;in prossimità;;del civico n. ;49;;Scontro laterale fra veicoli in marcia;Curva a visuale libera;Due carreggiate;Asciutto;Asfaltata;Orizzontale;Sereno;Normale;Buona;Sufficiente;0;0;0;5;;;-1;3;Motociclo a solo;In marcia / fermata / arresto;Conducente;F;Illeso;0;;Non accertato;Inesistente
1862081;2;16/01/2011 12:40;Strada Urbana;PIAZZALE ANKARA;in prossimità;;del palo luce n. ;1;;Scontro laterale fra veicoli in marcia;Rettilineo;Una carreggiata a doppio senso;Asciutto;Asfaltata;Verticale ed orizzontale;Sereno;Scarso;Buona;Ore Diurne;1;0;0;1;;;-1;1;Autovettura privata;In marcia / fermata / arresto;Conducente;F;Illeso;0;;Non accertato;Inesploso
1862081;2;16/01/2011 12:40;Strada Urbana;PIAZZALE ANKARA;in prossimità;;del palo luce n. ;1;;Scontro laterale fra veicoli in marcia;Rettilineo;Una carreggiata a doppio senso;Asciutto;Asfaltata;Verticale ed orizzontale;Sereno;Scarso;Buona;Ore Diurne;1;0;0;1;;;-1;2;Motociclo a solo;In marcia / fermata / arresto;Conducente;M;Rifiuta cure immediate;0;NON DECEDUTO;Non accertato;Inesistente
1862082;1;15/01/2011 05:15;Strada Urbana;VIA VITTORIO VENETO;in prossimità;;del civico n. ;195;;Scontro laterale fra veicoli in marcia;Rettilineo;Una carreggiata a doppio senso;Asciutto;Asfaltata;Verticale ed orizzontale;Sereno;Scarso;Buona;Sufficiente;0;0;0;2;;;-1;1;Autovettura privata;In marcia / fermata / arresto;Conducente;M;Illeso;0;;Utilizzato;Inesploso
1862082;1;15/01/2011 05:15;Strada Urbana;VIA VITTORIO VENETO;in prossimità;;del civico n. ;195;;Scontro laterale fra veicoli in marcia;Rettilineo;Una carreggiata a doppio senso;Asciutto;Asfaltata;Verticale ed orizzontale;Sereno;Scarso;Buona;Sufficiente;0;0;0;2;;;-1;2;Autovettura privata;In marcia / fermata / arresto;Conducente;M;Illeso;0;;Utilizzato;Inesploso
1862083;7;16/01/2011 14:50;Strada Urbana;VIALE PALMIRO TOGLIATTI;in corrispondenza;;del civico n. ;950;;Scontro laterale fra veicoli in marcia;Rettilineo;Più di due carreggiate;Asciutto;Asfaltata;Orizzontale;Sereno;Scarso;Buona;Ore Diurne;0;0;0;4;;;-1;1;Autovettura privata;In marcia / fermata / arresto;Conducente;M;Illeso;0;;Non accertato;Inesploso
1862083;7;16/01/2011 14:50;Strada Urbana;VIALE PALMIRO TOGLIATTI;in corrispondenza;;del civico n. ;950;;Scontro laterale fra veicoli in marcia;Rettilineo;Più di due carreggiate;Asciutto;Asfaltata;Orizzontale;Sereno;Scarso;Buona;Ore Diurne;0;0;0;4;;;-1;2;Autovettura privata;In marcia / fermata / arresto;Conducente;M;Illeso;0;;Non accertato;Inesistente
1862083;7;16/01/2011 14:50;Strada Urbana;VIALE PALMIRO TOGLIATTI;in corrispondenza;;del civico n. ;950;;Scontro laterale fra veicoli in marcia;Rettilineo;Più di due carreggiate;Asciutto;Asfaltata;Orizzontale;Sereno;Scarso;Buona;Ore Diurne;0;0;0;4;;;-1;2;Autovettura privata;In marcia / fermata / arresto;Passeggero;M;Illeso;0;;Non accertato;Inesistente
1862083;7;16/01/2011 14:50;Strada Urbana;VIALE PALMIRO TOGLIATTI;in corrispondenza;;del civico n. ;950;;Scontro laterale fra veicoli in marcia;Rettilineo;Più di due carreggiate;Asciutto;Asfaltata;Orizzontale;Sereno;Scarso;Buona;Ore Diurne;0;0;0;4;;;-1;2;Autovettura privata;In marcia / fermata / arresto;Passeggero;M;Illeso;0;;Non accertato;Inesistente
1862084;7;16/01/2011 16:10;Strada Urbana;VIALE PALMIRO TOGLIATTI;all'intersezione con;VIA DEI PIOPPI;VIA DEI PIOPPI;;;Scontro frontale/laterale DX fra veicoli in marcia;Incrocio;Due carreggiate;Asciutto;Asfaltata;Orizzontale;Sereno;Scarso;Buona;Ore Diurne;0;0;0;3;;;-1;1;Autovettura privata;In marcia / fermata / arresto;Conducente;M;Illeso;0;;Non accertato;Inesploso
1862084;7;16/01/2011 16:10;Strada Urbana;VIALE PALMIRO TOGLIATTI;all'intersezione con;VIA DEI PIOPPI;VIA DEI PIOPPI;;;Scontro frontale/laterale DX fra veicoli in marcia;Incrocio;Due carreggiate;Asciutto;Asfaltata;Orizzontale;Sereno;Scarso;Buona;Ore Diurne;0;0;0;3;;;-1;2;Autovettura privata;In marcia / fermata / arresto;Conducente;M;Illeso;0;;Non accertato;Inesistente
1862084;7;16/01/2011 16:10;Strada Urbana;VIALE PALMIRO TOGLIATTI;all'intersezione con;VIA DEI PIOPPI;VIA DEI PIOPPI;;;Scontro frontale/laterale DX fra veicoli in marcia;Incrocio;Due carreggiate;Asciutto;Asfaltata;Orizzontale;Sereno;Scarso;Buona;Ore Diurne;0;0;0;3;;;-1;2;Autovettura privata;In marcia / fermata / arresto;Passeggero;M;Illeso;0;;Non accertato;Inesistente
1862085;1;14/01/2011 18:10;Strada Urbana;VIA CRISTOFORO COLOMBO;da specificare;;;;SVINCOLO CILICIA;Tamponamento;Curva a visuale libera;Una carreggiata a doppio senso;Asciutto;Asfaltata;Verticale ed orizzontale;Sereno;Normale;Buona;Sufficiente;0;0;0;3;;;-1;1;Autovettura privata;In marcia / fermata / arresto;Conducente;F;Illeso;0;;Utilizzato;Inesploso
1862085;1;14/01/2011 18:10;Strada Urbana;VIA CRISTOFORO COLOMBO;da specificare;;;;SVINCOLO CILICIA;Tamponamento;Curva a visuale libera;Una carreggiata a doppio senso;Asciutto;Asfaltata;Verticale ed orizzontale;Sereno;Normale;Buona;Sufficiente;0;0;0;3;;;-1;2;Autovettura privata;In marcia / fermata / arresto;Conducente;M;Illeso;0;;Utilizzato;Inesistente
1862085;1;14/01/2011 18:10;Strada Urbana;VIA CRISTOFORO COLOMBO;da specificare;;;;SVINCOLO CILICIA;Tamponamento;Curva a visuale libera;Una carreggiata a doppio senso;Asciutto;Asfaltata;Verticale ed orizzontale;Sereno;Normale;Buona;Sufficiente;0;0;0;3;;;-1;3;Autovettura privata;In marcia / fermata / arresto;Conducente;F;Illeso;0;;Non accertato;Inesistente
1862086;1;15/01/2011 11:30;Strada Urbana;LUNGOTEVERE TESTACCIO;all'intersezione con;VIA GALILEO FERRARIS;VIA GALILEO FERRARIS;;;Tamponamento Multiplo;Incrocio;Una carreggiata a doppio senso;Asciutto;Asfaltata;Verticale ed orizzontale;Sereno;Scarso;Buona;Ore Diurne;0;0;0;3;;;-1;1;Autocarro inferiore 35 q.;In marcia / fermata / arresto;Conducente;F;Illeso;0;;Utilizzato;Inesploso
1862086;1;15/01/2011 11:30;Strada Urbana;LUNGOTEVERE TESTACCIO;all'intersezione con;VIA GALILEO FERRARIS;VIA GALILEO FERRARIS;;;Tamponamento Multiplo;Incrocio;Una carreggiata a doppio senso;Asciutto;Asfaltata;Verticale ed orizzontale;Sereno;Scarso;Buona;Ore Diurne;0;0;0;3;;;-1;2;Autovettura privata;In marcia / fermata / arresto;Conducente;M;Illeso;0;;Utilizzato;Inesploso
1862086;1;15/01/2011 11:30;Strada Urbana;LUNGOTEVERE TESTACCIO;all'intersezione con;VIA GALILEO FERRARIS;VIA GALILEO FERRARIS;;;Tamponamento Multiplo;Incrocio;Una carreggiata a doppio senso;Asciutto;Asfaltata;Verticale ed orizzontale;Sereno;Scarso;Buona;Ore Diurne;0;0;0;3;;;-1;3;Autovettura privata;In marcia / fermata / arresto;Conducente;F;Illeso;0;;Utilizzato;Inesistente
1862087;2;16/01/2011 15:30;Strada Urbana;VIA DEL FORO ITALICO;all'intersezione semaforizzata con;VIA SALARIA;VIA SALARIA;;;Scontro laterale fra veicoli in marcia;Intersezione semaforizzata;Una carreggiata a doppio senso;Asciutto;Asfaltata;Orizzontale;Sereno;Scarso;Buona;Ore Diurne;2;0;0;5;;;-1;1;Autovettura privata;In marcia / fermata / arresto;Conducente;M;Illeso;0;;Non accertato;Inesploso
1862087;2;16/01/2011 15:30;Strada Urbana;VIA DEL FORO ITALICO;all'intersezione semaforizzata con;VIA SALARIA;VIA SALARIA;;;Scontro laterale fra veicoli in marcia;Intersezione semaforizzata;Una carreggiata a doppio senso;Asciutto;Asfaltata;Orizzontale;Sereno;Scarso;Buona;Ore Diurne;2;0;0;5;;;-1;1;Autovettura privata;In marcia / fermata / arresto;Passeggero;F;Illeso;0;;Non accertato;Inesploso
1862087;2;16/01/2011 15:30;Strada Urbana;VIA DEL FORO ITALICO;all'intersezione semaforizzata con;VIA SALARIA;VIA SALARIA;;;Scontro laterale fra veicoli in marcia;Intersezione semaforizzata;Una carreggiata a doppio senso;Asciutto;Asfaltata;Orizzontale;Sereno;Scarso;Buona;Ore Diurne;2;0;0;5;;;-1;1;Autovettura privata;In marcia / fermata / arresto;Passeggero;M;Illeso;0;;Non accertato;Inesistente
1862087;2;16/01/2011 15:30;Strada Urbana;VIA DEL FORO ITALICO;all'intersezione semaforizzata con;VIA SALARIA;VIA SALARIA;;;Scontro laterale fra veicoli in marcia;Intersezione semaforizzata;Una carreggiata a doppio senso;Asciutto;Asfaltata;Orizzontale;Sereno;Scarso;Buona;Ore Diurne;2;0;0;5;;;-1;1;Autovettura privata;In marcia / fermata / arresto;Passeggero;F;Illeso;0;;Non accertato;Inesistente
1862087;2;16/01/2011 15:30;Strada Urbana;VIA DEL FORO ITALICO;all'intersezione semaforizzata con;VIA SALARIA;VIA SALARIA;;;Scontro laterale fra veicoli in marcia;Intersezione semaforizzata;Una carreggiata a doppio senso;Asciutto;Asfaltata;Orizzontale;Sereno;Scarso;Buona;Ore Diurne;2;0;0;5;;;-1;1;Autovettura privata;In marcia / fermata / arresto;Passeggero;M;Illeso;0;;Non accertato;Inesistente
1862087;2;16/01/2011 15:30;Strada Urbana;VIA DEL FORO ITALICO;all'intersezione semaforizzata con;VIA SALARIA;VIA SALARIA;;;Scontro laterale fra veicoli in marcia;Intersezione semaforizzata;Una carreggiata a doppio senso;Asciutto;Asfaltata;Orizzontale;Sereno;Scarso;Buona;Ore Diurne;2;0;0;5;;;-1;2;Motociclo a solo;In marcia / fermata / arresto;Conducente;M;Rimandato;0;NON DECEDUTO;Non accertato;Inesistente
1862087;2;16/01/2011 15:30;Strada Urbana;VIA DEL FORO ITALICO;all'intersezione semaforizzata con;VIA SALARIA;VIA SALARIA;;;Scontro laterale fra veicoli in marcia;Intersezione semaforizzata;Una carreggiata a doppio senso;Asciutto;Asfaltata;Orizzontale;Sereno;Scarso;Buona;Ore Diurne;2;0;0;5;;;-1;2;Motociclo a solo;In marcia / fermata / arresto;Passeggero;M;Rimandato;0;NON DECEDUTO;Non accertato;Inesistente
1862088;1;15/01/2011 16:10;Strada Urbana;VIA SAN MARTINO DELLA BATTAGLIA;all'intersezione semaforizzata con;VIALE PRETORIANO;VIALE PRETORIANO;;;Tamponamento;Incrocio;Una carreggiata a doppio senso;Asciutto;Asfaltata;Verticale ed orizzontale;Sereno;Normale;Buona;Ore Diurne;1;0;0;2;;;-1;1;Autovettura privata;In marcia / fermata / arresto;Conducente;M;Rifiuta cure immediate;0;NON DECEDUTO;Non accertato;Inesistente
1862088;1;15/01/2011 16:10;Strada Urbana;VIA SAN MARTINO DELLA BATTAGLIA;all'intersezione semaforizzata con;VIALE PRETORIANO;VIALE PRETORIANO;;;Tamponamento;Incrocio;Una carreggiata a doppio senso;Asciutto;Asfaltata;Verticale ed orizzontale;Sereno;Normale;Buona;Ore Diurne;1;0;0;2;;;-1;1;Autovettura privata;In marcia / fermata / arresto;Passeggero;F;Illeso;0;;Non accertato;Inesistente
1862088;1;15/01/2011 16:10;Strada Urbana;VIA SAN MARTINO DELLA BATTAGLIA;all'intersezione semaforizzata con;VIALE PRETORIANO;VIALE PRETORIANO;;;Tamponamento;Incrocio;Una carreggiata a doppio senso;Asciutto;Asfaltata;Verticale ed orizzontale;Sereno;Normale;Buona;Ore Diurne;1;0;0;2;;;-1;2;Autovettura privata;In marcia / fermata / arresto;Conducente;M;Illeso;0;;Non accertato;Inesistente
1862089;1;16/01/2011 06:30;Strada Urbana;VIALE GUIDO BACCELLI;all'intersezione con;VIALE GUIDO BACCELLI;VIALE GUIDO BACCELLI;;;Scontro frontale/laterale SX fra veicoli in marcia;Incrocio;Una carreggiata a doppio senso;Asciutto;Asfaltata;Verticale ed orizzontale;Sereno;Scarso;Buona;Sufficiente;0;0;0;4;;;-1;1;Autovettura privata;In marcia / fermata / arresto;Conducente;M;Illeso;0;;Utilizzato;Inesistente
1862089;1;16/01/2011 06:30;Strada Urbana;VIALE GUIDO BACCELLI;all'intersezione con;VIALE GUIDO BACCELLI;VIALE GUIDO BACCELLI;;;Scontro frontale/laterale SX fra veicoli in marcia;Incrocio;Una carreggiata a doppio senso;Asciutto;Asfaltata;Verticale ed orizzontale;Sereno;Scarso;Buona;Sufficiente;0;0;0;4;;;-1;1;Autovettura privata;In marcia / fermata / arresto;Passeggero;F;Illeso;0;;Non accertato;Inesistente
1862089;1;16/01/2011 06:30;Strada Urbana;VIALE GUIDO BACCELLI;all'intersezione con;VIALE GUIDO BACCELLI;VIALE GUIDO BACCELLI;;;Scontro frontale/laterale SX fra veicoli in marcia;Incrocio;Una carreggiata a doppio senso;Asciutto;Asfaltata;Verticale ed orizzontale;Sereno;Scarso;Buona;Sufficiente;0;0;0;4;;;-1;2;Autovettura privata;In marcia / fermata / arresto;Conducente;M;Illeso;0;;Utilizzato;Inesistente
1862089;1;16/01/2011 06:30;Strada Urbana;VIALE GUIDO BACCELLI;all'intersezione con;VIALE GUIDO BACCELLI;VIALE GUIDO BACCELLI;;;Scontro frontale/laterale SX fra veicoli in marcia;Incrocio;Una carreggiata a doppio senso;Asciutto;Asfaltata;Verticale ed orizzontale;Sereno;Scarso;Buona;Sufficiente;0;0;0;4;;;-1;2;Autovettura privata;In marcia / fermata / arresto;Passeggero;M;Illeso;0;;Non accertato;Inesistente
1862090;7;16/01/2011 18:00;Strada Urbana;VIALE PALMIRO TOGLIATTI;in prossimità;;del civico n. ;820;;Scontro laterale fra veicoli in marcia;Rettilineo;Due carreggiate;Asciutto;Asfaltata;Assente;Sereno;Scarso;Buona;Sufficiente;0;0;0;7;;;-1;1;Autovettura privata;In marcia / fermata / arresto;Conducente;M;Illeso;0;;Non accertato;Inesploso
1862090;7;16/01/2011 18:00;Strada Urbana;VIALE PALMIRO TOGLIATTI;in prossimità;;del civico n. ;820;;Scontro laterale fra veicoli in marcia;Rettilineo;Due carreggiate;Asciutto;Asfaltata;Assente;Sereno;Scarso;Buona;Sufficiente;0;0;0;7;;;-1;1;Autovettura privata;In marcia / fermata / arresto;Passeggero;F;Illeso;0;;Non accertato;Inesploso
1862090;7;16/01/2011 18:00;Strada Urbana;VIALE PALMIRO TOGLIATTI;in prossimità;;del civico n. ;820;;Scontro laterale fra veicoli in marcia;Rettilineo;Due carreggiate;Asciutto;Asfaltata;Assente;Sereno;Scarso;Buona;Sufficiente;0;0;0;7;;;-1;1;Autovettura privata;In marcia / fermata / arresto;Passeggero;M;Illeso;0;;Non accertato;Inesistente
1862090;7;16/01/2011 18:00;Strada Urbana;VIALE PALMIRO TOGLIATTI;in prossimità;;del civico n. ;820;;Scontro laterale fra veicoli in marcia;Rettilineo;Due carreggiate;Asciutto;Asfaltata;Assente;Sereno;Scarso;Buona;Sufficiente;0;0;0;7;;;-1;1;Autovettura privata;In marcia / fermata / arresto;Passeggero;M;Illeso;0;;Non accertato;Inesistente
1862090;7;16/01/2011 18:00;Strada Urbana;VIALE PALMIRO TOGLIATTI;in prossimità;;del civico n. ;820;;Scontro laterale fra veicoli in marcia;Rettilineo;Due carreggiate;Asciutto;Asfaltata;Assente;Sereno;Scarso;Buona;Sufficiente;0;0;0;7;;;-1;1;Autovettura privata;In marcia / fermata / arresto;Passeggero;M;Illeso;0;;Non accertato;Inesistente
1862090;7;16/01/2011 18:00;Strada Urbana;VIALE PALMIRO TOGLIATTI;in prossimità;;del civico n. ;820;;Scontro laterale fra veicoli in marcia;Rettilineo;Due carreggiate;Asciutto;Asfaltata;Assente;Sereno;Scarso;Buona;Sufficiente;0;0;0;7;;;-1;1;Autovettura privata;In marcia / fermata / arresto;Passeggero;M;Illeso;0;;Non accertato;Inesistente
1862090;7;16/01/2011 18:00;Strada Urbana;VIALE PALMIRO TOGLIATTI;in prossimità;;del civico n. ;820;;Scontro laterale fra veicoli in marcia;Rettilineo;Due carreggiate;Asciutto;Asfaltata;Assente;Sereno;Scarso;Buona;Sufficiente;0;0;0;7;;;-1;2;Autovettura privata;In marcia / fermata / arresto;Conducente;F;Illeso;0;;Non accertato;Inesploso
1862091;9;15/01/2011 06:45;Strada Urbana;VIA CESARE BARONIO;in prossimità;;del civico n. ;161;;Veicolo in marcia contro veicolo in sosta;Rettilineo;Due carreggiate;Asciutto;Asfaltata;Verticale ed orizzontale;Nuvoloso;Scarso;Buona;Sufficiente;0;0;0;1;;;-1;2;Autobus urbano;In marcia / fermata / arresto;Conducente;M;Illeso;0;;Non accertato;Inesistente
1862092;9;15/01/2011 12:10;Strada Urbana;PIAZZA DELL'ALBERONE;all'intersezione semaforizzata con;VIA VETURIA;VIA VETURIA;;;Infortunio per sola frenata improvvisa;Intersezione semaforizzata;Più di due carreggiate;Asciutto;Asfaltata;Verticale ed orizzontale;Sereno;Intenso;Buona;Ore Diurne;0;0;0;2;;;-1;1;Motociclo a solo;In marcia / fermata / arresto;Conducente;M;Illeso;0;;Utilizzato;Inesistente
1862092;9;15/01/2011 12:10;Strada Urbana;PIAZZA DELL'ALBERONE;all'intersezione semaforizzata con;VIA VETURIA;VIA VETURIA;;;Infortunio per sola frenata improvvisa;Intersezione semaforizzata;Più di due carreggiate;Asciutto;Asfaltata;Verticale ed orizzontale;Sereno;Intenso;Buona;Ore Diurne;0;0;0;2;;;-1;2;Autovettura privata;In marcia / fermata / arresto;Conducente;F;Illeso;0;;Non accertato;Inesistente
1862093;9;15/01/2011 13:10;Strada Urbana;VIA LATINA;in corrispondenza;;del civico n. ;495;;Tamponamento;Rettilineo;Una carreggiata a doppio senso;Asciutto;Asfaltata;Orizzontale;Sereno;Normale;Buona;Ore Diurne;1;0;0;2;;;-1;1;Motociclo con passeggero;In marcia / fermata / arresto;Conducente;M;Illeso;0;;Utilizzato;Inesistente
1862093;9;15/01/2011 13:10;Strada Urbana;VIA LATINA;in corrispondenza;;del civico n. ;495;;Tamponamento;Rettilineo;Una carreggiata a doppio senso;Asciutto;Asfaltata;Orizzontale;Sereno;Normale;Buona;Ore Diurne;1;0;0;2;;;-1;1;Motociclo con passeggero;In marcia / fermata / arresto;Passeggero;F;Rimandato;0;NON DECEDUTO;Utilizzato;Inesistente
1862093;9;15/01/2011 13:10;Strada Urbana;VIA LATINA;in corrispondenza;;del civico n. ;495;;Tamponamento;Rettilineo;Una carreggiata a doppio senso;Asciutto;Asfaltata;Orizzontale;Sereno;Normale;Buona;Ore Diurne;1;0;0;2;;;-1;2;Autovettura privata;In marcia / fermata / arresto;Conducente;M;Illeso;0;;Utilizzato;Inesistente
1862094;9;16/01/2011 08:35;Strada Urbana;VIA CASILINA;da specificare;;;;fronte civ. 69;Scontro laterale fra veicoli in marcia;Rettilineo;Una carreggiata a senso unico di marcia;Asciutto;Asfaltata;Verticale ed orizzontale;Sereno;Normale;Buona;Ore Diurne;1;0;0;2;;;-1;1;Autovettura privata;In marcia / fermata / arresto;Conducente;M;Illeso;0;;Non accertato;Inesistente
1862094;9;16/01/2011 08:35;Strada Urbana;VIA CASILINA;da specificare;;;;fronte civ. 69;Scontro laterale fra veicoli in marcia;Rettilineo;Una carreggiata a senso unico di marcia;Asciutto;Asfaltata;Verticale ed orizzontale;Sereno;Normale;Buona;Ore Diurne;1;0;0;2;;;-1;1;Autovettura privata;In marcia / fermata / arresto;Passeggero;F;Illeso;0;;Non accertato;Inesistente