Protocollo;Gruppo;DataOraIncidente;Localizzazione1;STRADA1;Localizzazione2;STRADA2;Strada02;Chilometrica;DaSpecificare;NaturaIncidente;particolaritastrade;TipoStrada;FondoStradale;Pavimentazione;Segnaletica;CondizioneAtmosferica;Traffico;Visibilita;Illuminazione;NUM_FERITI;NUM_RISERVATA;NUM_MORTI;NUM_ILLESI;Longitudine;Latitudine;Confermato;Progressivo;TipoVeicolo;StatoVeicolo;TipoPersona;Sesso;Tipolesione;Deceduto;DecedutoDopo;CinturaCascoUtilizzato;Airbag
1864580;11;13/01/2011 13:20;Strada Urbana;VIALE GUGLIELMO MARCONI;da specificare;;;;altezza PIAZZALE T. EDISON.;Scontro laterale fra veicoli in marcia;Rettilineo;Due carreggiate;Asciutto;Asfaltata;Verticale ed orizzontale;Sereno;Normale;Buona;Ore Diurne;1;0;0;3;;;-1;2;Autocarro inferiore 35 q.;In marcia / fermata / arresto;Passeggero;M;Illeso;0;;Non accertato;Inesistente
1864580;11;13/01/2011 13:20;Strada Urbana;VIALE GUGLIELMO MARCONI;da specificare;;;;altezza PIAZZALE T. EDISON.;Scontro laterale fra veicoli in marcia;Rettilineo;Due carreggiate;Asciutto;Asfaltata;Verticale ed orizzontale;Sereno;Normale;Buona;Ore Diurne;1;0;0;3;;;-1;2;Autocarro inferiore 35 q.;In marcia / fermata / arresto;Passeggero;M;Illeso;0;;Non accertato;Inesistente
1864597;5;18/01/2011 23:20;Strada Urbana;VIA TIBURTINA;all'intersezione con;VIA DELLE CAVE DI PIETRALATA;VIA DELLE CAVE DI PIETRALATA;;;Tamponamento;Incrocio;Una carreggiata a doppio senso;Asciutto;Asfaltata;Orizzontale;Sereno;Scarso;Sufficiente;Sufficiente;0;0;0;5;;;-1;1;Autovettura privata;In marcia / fermata / arresto;Conducente;M;Illeso;0;;Non accertato;Inesistente
1864597;5;18/01/2011 23:20;Strada Urbana;VIA TIBURTINA;all'intersezione con;VIA DELLE CAVE DI PIETRALATA;VIA DELLE CAVE DI PIETRALATA;;;Tamponamento;Incrocio;Una carreggiata a doppio senso;Asciutto;Asfaltata;Orizzontale;Sereno;Scarso;Sufficiente;Sufficiente;0;0;0;5;;;-1;2;Autovettura privata;In marcia / fermata / arresto;Conducente;M;Illeso;0;;Non accertato;Inesploso
1864597;5;18/01/2011 23:20;Strada Urbana;VIA TIBURTINA;all'intersezione con;VIA DELLE CAVE DI PIETRALATA;VIA DELLE CAVE DI PIETRALATA;;;Tamponamento;Incrocio;Una carreggiata a doppio senso;Asciutto;Asfaltata;Orizzontale;Sereno;Scarso;Sufficiente;Sufficiente;0;0;0;5;;;-1;2;Autovettura privata;In marcia / fermata / arresto;Passeggero;F;Illeso;0;;Non accertato;Inesistente
1864597;5;18/01/2011 23:20;Strada Urbana;VIA TIBURTINA;all'intersezione con;VIA DELLE CAVE DI PIETRALATA;VIA DELLE CAVE DI PIETRALATA;;;Tamponamento;Incrocio;Una carreggiata a doppio senso;Asciutto;Asfaltata;Orizzontale;Sereno;Scarso;Sufficiente;Sufficiente;0;0;0;5;;;-1;2;Autovettura privata;In marcia / fermata / arresto;Passeggero;F;Illeso;0;;Non accertato;Inesistente
1864597;5;18/01/2011 23:20;Strada Urbana;VIA TIBURTINA;all'intersezione con;VIA DELLE CAVE DI PIETRALATA;VIA DELLE CAVE DI PIETRALATA;;;Tamponamento;Incrocio;Una carreggiata a doppio senso;Asciutto;Asfaltata;Orizzontale;Sereno;Scarso;Sufficiente;Sufficiente;0;0;0;5;;;-1;2;Autovettura privata;In marcia / fermata / arresto;Passeggero;M;Illeso;0;;Non accertato;Inesistente
1864632;4;13/01/2011 16:45;Strada Urbana;VIA VAL D'AOSTA;in corrispondenza;;del civico n. ;4;;Scontro laterale fra veicoli in marcia;Rettilineo;Una carreggiata a doppio senso;Asciutto;Asfaltata;Verticale ed orizzontale;Sereno;Normale;Buona;Ore Diurne;1;0;0;1;;;-1;1;Autovettura privata;In marcia / fermata / arresto;Conducente;M;Illeso;0;;Non accertato;Inesploso
1864632;4;13/01/2011 16:45;Strada Urbana;VIA VAL D'AOSTA;in corrispondenza;;del civico n. ;4;;Scontro laterale fra veicoli in marcia;Rettilineo;Una carreggiata a doppio senso;Asciutto;Asfaltata;Verticale ed orizzontale;Sereno;Normale;Buona;Ore Diurne;1;0;0;1;;;-1;2;Autovettura privata;In marcia / fermata / arresto;Conducente;F;Ricoverato;0;NON DECEDUTO;Non accertato;Inesploso
1864639;4;13/01/2011 17:00;Provinciale entro l'abitato;VIA NOMENTANA;in prossimità;;del civico n. ;1030;;Fuoriuscita dalla sede stradale;Rettilineo;Una carreggiata a doppio senso;Asciutto;Asfaltata;Orizzontale;Nebbia;Normale;Sufficiente;Ore Diurne;3;0;0;1;;;-1;1;Autobus urbano;In marcia / fermata / arresto;Conducente;M;Illeso;0;;Non accertato;Inesistente
1864639;4;13/01/2011 17:00;Provinciale entro l'abitato;VIA NOMENTANA;in prossimità;;del civico n. ;1030;;Fuoriuscita dalla sede stradale;Rettilineo;Una carreggiata a doppio senso;Asciutto;Asfaltata;Orizzontale;Nebbia;Normale;Sufficiente;Ore Diurne;3;0;0;1;;;-1;1;Autobus urbano;In marcia / fermata / arresto;Passeggero;M;Ricoverato;0;NON DECEDUTO;Non accertato;Inesistente
1864639;4;13/01/2011 17:00;Provinciale entro l'abitato;VIA NOMENTANA;in prossimità;;del civico n. ;1030;;Fuoriuscita dalla sede stradale;Rettilineo;Una carreggiata a doppio senso;Asciutto;Asfaltata;Orizzontale;Nebbia;Normale;Sufficiente;Ore Diurne;3;0;0;1;;;-1;1;Autobus urbano;In marcia / fermata / arresto;Passeggero;M;Ricoverato;0;NON DECEDUTO;Non accertato;Inesistente
1864639;4;13/01/2011 17:00;Provinciale entro l'abitato;VIA NOMENTANA;in prossimità;;del civico n. ;1030;;Fuoriuscita dalla sede stradale;Rettilineo;Una carreggiata a doppio senso;Asciutto;Asfaltata;Orizzontale;Nebbia;Normale;Sufficiente;Ore Diurne;3;0;0;1;;;-1;1;Autobus urbano;In marcia / fermata / arresto;Passeggero;F;Ricoverato;0;NON DECEDUTO;Non accertato;Inesistente
1864641;17;05/01/2011 19:25;Strada Urbana;VIA BOEZIO;all'intersezione con;VIA OVIDIO;VIA OVIDIO;;;Scontro frontale/laterale DX fra veicoli in marcia;Incrocio;Una carreggiata a senso unico di marcia;Bagnato (pioggia);Asfaltata;Assente;Nuvoloso;Normale;Sufficiente;Sufficiente;0;0;0;2;;;-1;1;Autovettura privata;In marcia / fermata / arresto;Conducente;M;Illeso;0;;Non accertato;Inesploso
1864641;17;05/01/2011 19:25;Strada Urbana;VIA BOEZIO;all'intersezione con;VIA OVIDIO;VIA OVIDIO;;;Scontro frontale/laterale DX fra veicoli in marcia;Incrocio;Una carreggiata a senso unico di marcia;Bagnato (pioggia);Asfaltata;Assente;Nuvoloso;Normale;Sufficiente;Sufficiente;0;0;0;2;;;-1;2;Autovettura privata;In marcia / fermata / arresto;Conducente;F;Illeso;0;;Non accertato;Inesistente
1864649;4;13/01/2011 13:40;Strada Urbana;VIA DELLE VIGNE NUOVE;in prossimità;;del civico n. ;662;;Tamponamento;Rettilineo;Una carreggiata a senso unico di marcia;Asciutto;Asfaltata;Verticale ed orizzontale;Sereno;Normale;Buona;Ore Diurne;1;0;0;1;;;-1;1;Autovettura privata;In marcia / fermata / arresto;Conducente;F;Ricoverato;0;NON DECEDUTO;Non accertato;Inesploso
1864649;4;13/01/2011 13:40;Strada Urbana;VIA DELLE VIGNE NUOVE;in prossimità;;del civico n. ;662;;Tamponamento;Rettilineo;Una carreggiata a senso unico di marcia;Asciutto;Asfaltata;Verticale ed orizzontale;Sereno;Normale;Buona;Ore Diurne;1;0;0;1;;;-1;2;Autovettura privata;In marcia / fermata / arresto;Conducente;M;Illeso;0;;Non accertato;Inesistente
1864652;5;08/01/2011 19:10;Strada Urbana;VIA MATTEO TONDI;all'intersezione con;VIA LUDOVICO PASINI;VIA LUDOVICO PASINI;;;Scontro frontale/laterale SX fra veicoli in marcia;Incrocio;Una carreggiata a doppio senso;Asciutto;Asfaltata;Verticale ed orizzontale;Sereno;Normale;Sufficiente;Sufficiente;0;0;0;3;;;-1;1;Autovettura privata;In marcia / fermata / arresto;Conducente;M;Illeso;0;;Non accertato;Inesploso
1864652;5;08/01/2011 19:10;Strada Urbana;VIA MATTEO TONDI;all'intersezione con;VIA LUDOVICO PASINI;VIA LUDOVICO PASINI;;;Scontro frontale/laterale SX fra veicoli in marcia;Incrocio;Una carreggiata a doppio senso;Asciutto;Asfaltata;Verticale ed orizzontale;Sereno;Normale;Sufficiente;Sufficiente;0;0;0;3;;;-1;1;Autovettura privata;In marcia / fermata / arresto;Passeggero;M;Illeso;0;;Non accertato;Inesploso
1864652;5;08/01/2011 19:10;Strada Urbana;VIA MATTEO TONDI;all'intersezione con;VIA LUDOVICO PASINI;VIA LUDOVICO PASINI;;;Scontro frontale/laterale SX fra veicoli in marcia;Incrocio;Una carreggiata a doppio senso;Asciutto;Asfaltata;Verticale ed orizzontale;Sereno;Normale;Sufficiente;Sufficiente;0;0;0;3;;;-1;2;Autovettura privata;In marcia / fermata / arresto;Conducente;M;Illeso;0;;Non accertato;Inesploso
1864653;4;13/01/2011 16:00;Strada Urbana;VIA DELLE VIGNE NUOVE;da specificare;;;;in prossimità di via Limbara;Investimento di pedone;Rettilineo;Una carreggiata a doppio senso;Asciutto;Asfaltata;Verticale ed orizzontale;Sereno;Intenso;Buona;Ore Diurne;0;0;1;1;;;-1;;;;Pedone;M;Prognosi riservata;0;DECEDUTO ENTRO 2 MESI;;
1864653;4;13/01/2011 16:00;Strada Urbana;VIA DELLE VIGNE NUOVE;da specificare;;;;in prossimità di via Limbara;Investimento di pedone;Rettilineo;Una carreggiata a doppio senso;Asciutto;Asfaltata;Verticale ed orizzontale;Sereno;Intenso;Buona;Ore Diurne;0;0;1;1;;;-1;1;Motociclo a solo;In marcia / fermata / arresto;Conducente;M;Illeso;0;;Non accertato;Inesistente
1864654;11;14/01/2011 12:40;Strada Urbana;VIALE FERDINANDO BALDELLI;in prossimità;;del palo luce n. ;1;;Scontro laterale fra veicoli in marcia;Rettilineo;Due carreggiate;Asciutto;Asfaltata;Verticale ed orizzontale;Sereno;Normale;Buona;Ore Diurne;0;0;0;2;;;-1;1;Autovettura privata;In marcia / fermata / arresto;Conducente;M;Illeso;0;;Non accertato;Inesploso
1864654;11;14/01/2011 12:40;Strada Urbana;VIALE FERDINANDO BALDELLI;in prossimità;;del palo luce n. ;1;;Scontro laterale fra veicoli in marcia;Rettilineo;Due carreggiate;Asciutto;Asfaltata;Verticale ed orizzontale;Sereno;Normale;Buona;Ore Diurne;0;0;0;2;;;-1;2;Autovettura privata;In marcia / fermata / arresto;Conducente;M;Illeso;0;;Non accertato;Inesploso
1864655;4;13/01/2011 12:30;Strada Urbana;VIA CARLO LORENZINI;all'intersezione con;VIA ISIDORO DEL LUNGO;VIA ISIDORO DEL LUNGO;;;Scontro laterale fra veicoli in marcia;Intersezione stradale segnalata;Una carreggiata a doppio senso;Asciutto;Asfaltata;Verticale ed orizzontale;Sereno;Normale;Buona;Ore Diurne;1;0;0;2;;;-1;1;Autovettura privata;In marcia / fermata / arresto;Conducente;M;Illeso;0;;Non accertato;Inesistente
1864655;4;13/01/2011 12:30;Strada Urbana;VIA CARLO LORENZINI;all'intersezione con;VIA ISIDORO DEL LUNGO;VIA ISIDORO DEL LUNGO;;;Scontro laterale fra veicoli in marcia;Intersezione stradale segnalata;Una carreggiata a doppio senso;Asciutto;Asfaltata;Verticale ed orizzontale;Sereno;Normale;Buona;Ore Diurne;1;0;0;2;;;-1;2;Autovettura privata;In marcia / fermata / arresto;Conducente;M;Rimandato;0;NON DECEDUTO;Non accertato;Inesistente
1864655;4;13/01/2011 12:30;Strada Urbana;VIA CARLO LORENZINI;all'intersezione con;VIA ISIDORO DEL LUNGO;VIA ISIDORO DEL LUNGO;;;Scontro laterale fra veicoli in marcia;Intersezione stradale segnalata;Una carreggiata a doppio senso;Asciutto;Asfaltata;Verticale ed orizzontale;Sereno;Normale;Buona;Ore Diurne;1;0;0;2;;;-1;2;Autovettura privata;In marcia / fermata / arresto;Passeggero;M;Illeso;0;;Non accertato;Inesistente
1864661;5;15/01/2011 12:30;Strada Urbana;VIALE DELLA TORRE DI PRATOLUNGO;in prossimità;;del civico n. ;9;;Scontro laterale fra veicoli in marcia;Curva a visuale libera;Una carreggiata a doppio senso;Asciutto;Asfaltata;Orizzontale;Sereno;Normale;Buona;Ore Diurne;0;0;0;3;;;-1;1;Autovettura privata;In marcia / fermata / arresto;Conducente;M;Illeso;0;;Non accertato;Inesistente
1864661;5;15/01/2011 12:30;Strada Urbana;VIALE DELLA TORRE DI PRATOLUNGO;in prossimità;;del civico n. ;9;;Scontro laterale fra veicoli in marcia;Curva a visuale libera;Una carreggiata a doppio senso;Asciutto;Asfaltata;Orizzontale;Sereno;Normale;Buona;Ore Diurne;0;0;0;3;;;-1;2;Autovettura privata;In marcia / fermata / arresto;Conducente;F;Illeso;0;;Non accertato;Inesistente
1864661;5;15/01/2011 12:30;Strada Urbana;VIALE DELLA TORRE DI PRATOLUNGO;in prossimità;;del civico n. ;9;;Scontro laterale fra veicoli in marcia;Curva a visuale libera;Una carreggiata a doppio senso;Asciutto;Asfaltata;Orizzontale;Sereno;Normale;Buona;Ore Diurne;0;0;0;3;;;-1;2;Autovettura privata;In marcia / fermata / arresto;Passeggero;F;Illeso;0;;Non accertato;Inesistente
1864666;4;13/01/2011 07:55;Strada Urbana;VIA NOMENTANA;all'intersezione semaforizzata con;VIA VAL TROMPIA;VIA VAL TROMPIA;;;Scontro laterale fra veicoli in marcia;Rotatoria;Una carreggiata a doppio senso;Asciutto;Asfaltata;Verticale ed orizzontale;Sereno;Normale;Buona;Ore Diurne;1;0;0;4;;;-1;1;Autovettura privata;In marcia / fermata / arresto;Conducente;M;Illeso;0;;Non accertato;Inesploso
1864666;4;13/01/2011 07:55;Strada Urbana;VIA NOMENTANA;all'intersezione semaforizzata con;VIA VAL TROMPIA;VIA VAL TROMPIA;;;Scontro laterale fra veicoli in marcia;Rotatoria;Una carreggiata a doppio senso;Asciutto;Asfaltata;Verticale ed orizzontale;Sereno;Normale;Buona;Ore Diurne;1;0;0;4;;;-1;1;Autovettura privata;In marcia / fermata / arresto;Passeggero;M;Illeso;0;;Non accertato;Inesploso
1864666;4;13/01/2011 07:55;Strada Urbana;VIA NOMENTANA;all'intersezione semaforizzata con;VIA VAL TROMPIA;VIA VAL TROMPIA;;;Scontro laterale fra veicoli in marcia;Rotatoria;Una carreggiata a doppio senso;Asciutto;Asfaltata;Verticale ed orizzontale;Sereno;Normale;Buona;Ore Diurne;1;0;0;4;;;-1;1;Autovettura privata;In marcia / fermata / arresto;Passeggero;M;Illeso;0;;Non accertato;Inesploso
1864666;4;13/01/2011 07:55;Strada Urbana;VIA NOMENTANA;all'intersezione semaforizzata con;VIA VAL TROMPIA;VIA VAL TROMPIA;;;Scontro laterale fra veicoli in marcia;Rotatoria;Una carreggiata a doppio senso;Asciutto;Asfaltata;Verticale ed orizzontale;Sereno;Normale;Buona;Ore Diurne;1;0;0;4;;;-1;1;Autovettura privata;In marcia / fermata / arresto;Passeggero;M;Illeso;0;;Non accertato;Inesploso
1864666;4;13/01/2011 07:55;Strada Urbana;VIA NOMENTANA;all'intersezione semaforizzata con;VIA VAL TROMPIA;VIA VAL TROMPIA;;;Scontro laterale fra veicoli in marcia;Rotatoria;Una carreggiata a doppio senso;Asciutto;Asfaltata;Verticale ed orizzontale;Sereno;Normale;Buona;Ore Diurne;1;0;0;4;;;-1;2;Motociclo a solo;In marcia / fermata / arresto;Conducente;M;Rimandato;0;NON DECEDUTO;Non accertato;Inesistente
1864670;5;10/01/2011 15:00;Strada Urbana;VIA DI PORTONACCIO;in prossimità;;del civico n. ;13;;Tamponamento;Rettilineo;Una carreggiata a doppio senso;Asciutto;Asfaltata;Verticale ed orizzontale;Sereno;Normale;Buona;Ore Diurne;0;0;0;4;;;-1;1;Autovettura privata;In marcia / fermata / arresto;Conducente;M;Illeso;0;;Non accertato;Inesploso
1864670;5;10/01/2011 15:00;Strada Urbana;VIA DI PORTONACCIO;in prossimità;;del civico n. ;13;;Tamponamento;Rettilineo;Una carreggiata a doppio senso;Asciutto;Asfaltata;Verticale ed orizzontale;Sereno;Normale;Buona;Ore Diurne;0;0;0;4;;;-1;1;Autovettura privata;In marcia / fermata / arresto;Passeggero;F;Illeso;0;;Non accertato;Inesploso
1864670;5;10/01/2011 15:00;Strada Urbana;VIA DI PORTONACCIO;in prossimità;;del civico n. ;13;;Tamponamento;Rettilineo;Una carreggiata a doppio senso;Asciutto;Asfaltata;Verticale ed orizzontale;Sereno;Normale;Buona;Ore Diurne;0;0;0;4;;;-1;1;Autovettura privata;In marcia / fermata / arresto;Passeggero;F;Illeso;0;;Non accertato;Inesploso
1864670;5;10/01/2011 15:00;Strada Urbana;VIA DI PORTONACCIO;in prossimità;;del civico n. ;13;;Tamponamento;Rettilineo;Una carreggiata a doppio senso;Asciutto;Asfaltata;Verticale ed orizzontale;Sereno;Normale;Buona;Ore Diurne;0;0;0;4;;;-1;2;Autovettura privata;In marcia / fermata / arresto;Conducente;F;Illeso;0;;Non accertato;Inesploso
1864671;11;14/01/2011 16:00;Strada Urbana;VIA DI VIGNA MURATA;in prossimità;;del civico n. ;90;;Scontro frontale/laterale DX fra veicoli in marcia;Curva a visuale libera;Una carreggiata a doppio senso;Asciutto;Asfaltata;Verticale ed orizzontale;Sereno;Normale;Buona;Ore Diurne;0;0;0;2;;;-1;1;Autovettura privata;In marcia / fermata / arresto;Conducente;M;Illeso;0;;Non accertato;Inesistente
1864671;11;14/01/2011 16:00;Strada Urbana;VIA DI VIGNA MURATA;in prossimità;;del civico n. ;90;;Scontro frontale/laterale DX fra veicoli in marcia;Curva a visuale libera;Una carreggiata a doppio senso;Asciutto;Asfaltata;Verticale ed orizzontale;Sereno;Normale;Buona;Ore Diurne;0;0;0;2;;;-1;2;Motociclo a solo;In marcia / fermata / arresto;Conducente;M;Illeso;0;;Non accertato;Inesistente
1864680;4;13/01/2011 18:35;Strada Urbana;VIA DEI PRATI FISCALI;in prossimità;;del civico n. ;273;;Scontro frontale/laterale SX fra veicoli in marcia;Rettilineo;Due carreggiate;Asciutto;Asfaltata;Verticale ed orizzontale;Sereno;Intenso;Sufficiente;Sufficiente;1;0;0;1;;;-1;1;Autovettura privata;In marcia / fermata / arresto;Conducente;M;Illeso;0;;Non accertato;Inesploso
1864680;4;13/01/2011 18:35;Strada Urbana;VIA DEI PRATI FISCALI;in prossimità;;del civico n. ;273;;Scontro frontale/laterale SX fra veicoli in marcia;Rettilineo;Due carreggiate;Asciutto;Asfaltata;Verticale ed orizzontale;Sereno;Intenso;Sufficiente;Sufficiente;1;0;0;1;;;-1;2;Motociclo a solo;In marcia / fermata / arresto;Conducente;M;Rimandato;0;NON DECEDUTO;Non accertato;Inesistente
1864681;17;06/01/2011 18:50;Strada Urbana;PIAZZA COLA DI RIENZO;all'intersezione con;VIA TACITO;VIA TACITO;;;Scontro laterale fra veicoli in marcia;Incrocio;Una carreggiata a doppio senso;Asciutto;Asfaltata;Verticale ed orizzontale;Nuvoloso;Intenso;Buona;Sufficiente;0;0;0;2;;;-1;1;Autovettura privata;In marcia / fermata / arresto;Conducente;F;Illeso;0;;Non accertato;Inesistente
1864681;17;06/01/2011 18:50;Strada Urbana;PIAZZA COLA DI RIENZO;all'intersezione con;VIA TACITO;VIA TACITO;;;Scontro laterale fra veicoli in marcia;Incrocio;Una carreggiata a doppio senso;Asciutto;Asfaltata;Verticale ed orizzontale;Nuvoloso;Intenso;Buona;Sufficiente;0;0;0;2;;;-1;2;Autovettura privata;In marcia / fermata / arresto;Conducente;M;Illeso;0;;Non accertato;Inesistente
1864685;4;14/01/2011 08:50;Strada Urbana;VIA DEI PRATI FISCALI;in prossimità;;del civico n. ;258;;Scontro laterale fra veicoli in marcia;Rettilineo;Due carreggiate;Asciutto;Asfaltata;Verticale ed orizzontale;Sereno;Normale;Buona;Ore Diurne;1;0;0;2;;;-1;1;Motociclo a solo;In marcia / fermata / arresto;Conducente;M;Rimandato;0;NON DECEDUTO;Non accertato;Inesistente
1864685;4;14/01/2011 08:50;Strada Urbana;VIA DEI PRATI FISCALI;in prossimità;;del civico n. ;258;;Scontro laterale fra veicoli in marcia;Rettilineo;Due carreggiate;Asciutto;Asfaltata;Verticale ed orizzontale;Sereno;Normale;Buona;Ore Diurne;1;0;0;2;;;-1;2;Autovettura privata;In marcia / fermata / arresto;Conducente;F;Illeso;0;;Non accertato;Inesistente
1864685;4;14/01/2011 08:50;Strada Urbana;VIA DEI PRATI FISCALI;in prossimità;;del civico n. ;258;;Scontro laterale fra veicoli in marcia;Rettilineo;Due carreggiate;Asciutto;Asfaltata;Verticale ed orizzontale;Sereno;Normale;Buona;Ore Diurne;1;0;0;2;;;-1;2;Autovettura privata;In marcia / fermata / arresto;Passeggero;M;Illeso;0;;Non accertato;Inesistente
1864686;5;15/01/2011 07:05;Strada Urbana;VIA DI PIETRALATA;da specificare;;;;altezza Via Pan;Scontro laterale fra veicoli in marcia;Rettilineo;Una carreggiata a doppio senso;Asciutto;Asfaltata;Orizzontale;Nuvoloso;Normale;Buona;Ore Diurne;0;0;0;2;;;-1;1;Autovettura privata;In marcia / fermata / arresto;Conducente;M;Illeso;0;;Non accertato;Inesistente
1864686;5;15/01/2011 07:05;Strada Urbana;VIA DI PIETRALATA;da specificare;;;;altezza Via Pan;Scontro laterale fra veicoli in marcia;Rettilineo;Una carreggiata a doppio senso;Asciutto;Asfaltata;Orizzontale;Nuvoloso;Normale;Buona;Ore Diurne;0;0;0;2;;;-1;2;Autocarro inferiore 35 q.;In marcia / fermata / arresto;Conducente;M;Illeso;0;;Non accertato;Inesistente
1864688;11;13/01/2011 11:10;Strada Urbana;VIA VITO BERING;da specificare;;;;altezza civ. 27;Scontro laterale fra veicoli in marcia;Rettilineo;Una carreggiata a senso unico di marcia;Asciutto;Asfaltata;Verticale;Sereno;Scarso;Buona;Ore Diurne;0;0;0;2;;;-1;1;Autovettura privata;In marcia / fermata / arresto;Conducente;M;Illeso;0;;Utilizzato;Inesistente
1864688;11;13/01/2011 11:10;Strada Urbana;VIA VITO BERING;da specificare;;;;altezza civ. 27;Scontro laterale fra veicoli in marcia;Rettilineo;Una carreggiata a senso unico di marcia;Asciutto;Asfaltata;Verticale;Sereno;Scarso;Buona;Ore Diurne;0;0;0;2;;;-1;2;Autocarro inferiore 35 q.;In marcia / fermata / arresto;Conducente;M;Illeso;0;;Utilizzato;Inesistente
1864689;5;17/01/2011 15:10;Strada Urbana;VIA TIBURTINA;all'intersezione semaforizzata con;VIA LANCIANO;VIA LANCIANO;;;Scontro laterale fra veicoli in marcia;Intersezione semaforizzata;Una carreggiata a doppio senso;Asciutto;Asfaltata;Verticale ed orizzontale;Sereno;Normale;Buona;Ore Diurne;0;0;0;2;;;-1;1;Autovettura privata;In marcia / fermata / arresto;Conducente;M;Illeso;0;;Non accertato;Inesistente
1864689;5;17/01/2011 15:10;Strada Urbana;VIA TIBURTINA;all'intersezione semaforizzata con;VIA LANCIANO;VIA LANCIANO;;;Scontro laterale fra veicoli in marcia;Intersezione semaforizzata;Una carreggiata a doppio senso;Asciutto;Asfaltata;Verticale ed orizzontale;Sereno;Normale;Buona;Ore Diurne;0;0;0;2;;;-1;2;Autovettura privata;In marcia / fermata / arresto;Conducente;F;Illeso;0;;Non accertato;Inesistente
1864691;5;14/01/2011 01:00;Strada Urbana;VIA DI CASAL BOCCONE;da specificare;;;;"prossimità centro sportivo ""ROMA SPORT OUT""";Veicolo in marcia contro ostacolo fisso;Curva a visuale libera;Una carreggiata a doppio senso;Bagnato (brina);Asfaltata;Verticale ed orizzontale;Sereno;Scarso;Insufficiente;Inesistente;0;0;0;4;;;-1;1;Autovettura privata;In marcia / fermata / arresto;Conducente;M;Illeso;0;;Non accertato;Inesistente
1864691;5;14/01/2011 01:00;Strada Urbana;VIA DI CASAL BOCCONE;da specificare;;;;"prossimità centro sportivo ""ROMA SPORT OUT""";Veicolo in marcia contro ostacolo fisso;Curva a visuale libera;Una carreggiata a doppio senso;Bagnato (brina);Asfaltata;Verticale ed orizzontale;Sereno;Scarso;Insufficiente;Inesistente;0;0;0;4;;;-1;1;Autovettura privata;In marcia / fermata / arresto;Passeggero;F;Illeso;0;;Non accertato;Inesistente
1864691;5;14/01/2011 01:00;Strada Urbana;VIA DI CASAL BOCCONE;da specificare;;;;"prossimità centro sportivo ""ROMA SPORT OUT""";Veicolo in marcia contro ostacolo fisso;Curva a visuale libera;Una carreggiata a doppio senso;Bagnato (brina);Asfaltata;Verticale ed orizzontale;Sereno;Scarso;Insufficiente;Inesistente;0;0;0;4;;;-1;1;Autovettura privata;In marcia / fermata / arresto;Passeggero;F;Illeso;0;;Non accertato;Inesistente
1864691;5;14/01/2011 01:00;Strada Urbana;VIA DI CASAL BOCCONE;da specificare;;;;"prossimità centro sportivo ""ROMA SPORT OUT""";Veicolo in marcia contro ostacolo fisso;Curva a visuale libera;Una carreggiata a doppio senso;Bagnato (brina);Asfaltata;Verticale ed orizzontale;Sereno;Scarso;Insufficiente;Inesistente;0;0;0;4;;;-1;1;Autovettura privata;In marcia / fermata / arresto;Passeggero;M;Illeso;0;;Non accertato;Inesistente
1864697;17;05/01/2011 15:10;Strada Urbana;VIA COLA DI RIENZO;in prossimità;;del civico n. ;136A;;Veicolo in marcia contro veicolo fermo;Rettilineo;Una carreggiata a doppio senso;Asciutto;Acciotolata;Orizzontale;Nuvoloso;Normale;Buona;Ore Diurne;0;0;0;3;;;-1;1;Autocarro inferiore 35 q.;In marcia / fermata / arresto;Conducente;M;Illeso;0;;Non accertato;Inesistente
1864697;17;05/01/2011 15:10;Strada Urbana;VIA COLA DI RIENZO;in prossimità;;del civico n. ;136A;;Veicolo in marcia contro veicolo fermo;Rettilineo;Una carreggiata a doppio senso;Asciutto;Acciotolata;Orizzontale;Nuvoloso;Normale;Buona;Ore Diurne;0;0;0;3;;;-1;2;Autovettura privata;In marcia / fermata / arresto;Conducente;M;Illeso;0;;Non accertato;Inesistente
1864697;17;05/01/2011 15:10;Strada Urbana;VIA COLA DI RIENZO;in prossimità;;del civico n. ;136A;;Veicolo in marcia contro veicolo fermo;Rettilineo;Una carreggiata a doppio senso;Asciutto;Acciotolata;Orizzontale;Nuvoloso;Normale;Buona;Ore Diurne;0;0;0;3;;;-1;2;Autovettura privata;In marcia / fermata / arresto;Passeggero;M;Illeso;0;;Non accertato;Inesistente
1864699;4;14/01/2011 16:00;Strada Urbana;VIA DEI PRATI FISCALI;in corrispondenza;;del civico n. ;48;;Tamponamento;Rettilineo;Due carreggiate;Asciutto;Asfaltata;Orizzontale;Sereno;Normale;Buona;Ore Diurne;0;0;0;3;;;-1;1;Quadriciclo leggero;In marcia / fermata / arresto;Conducente;M;Illeso;0;;Non accertato;Inesistente
1864699;4;14/01/2011 16:00;Strada Urbana;VIA DEI PRATI FISCALI;in corrispondenza;;del civico n. ;48;;Tamponamento;Rettilineo;Due carreggiate;Asciutto;Asfaltata;Orizzontale;Sereno;Normale;Buona;Ore Diurne;0;0;0;3;;;-1;2;Autovettura privata;In marcia / fermata / arresto;Conducente;M;Illeso;0;;Non accertato;Inesistente
1864699;4;14/01/2011 16:00;Strada Urbana;VIA DEI PRATI FISCALI;in corrispondenza;;del civico n. ;48;;Tamponamento;Rettilineo;Due carreggiate;Asciutto;Asfaltata;Orizzontale;Sereno;Normale;Buona;Ore Diurne;0;0;0;3;;;-1;2;Autovettura privata;In marcia / fermata / arresto;Passeggero;F;Illeso;0;;Non accertato;Inesistente